,precision,recall,f1-score
0,0.7272727272727273,0.8333333333333334,0.7766990291262137
1,0.7714285714285715,0.6428571428571429,0.7012987012987013
accuracy,0.7444444444444445,0.7444444444444445,0.7444444444444445
