,precision,recall,f1-score
0,0.7222222222222222,0.8125,0.7647058823529411
1,0.75,0.6428571428571429,0.6923076923076923
accuracy,0.7333333333333333,0.7333333333333333,0.7333333333333333
