,precision,recall,f1-score
0,0.8269230769230769,0.8958333333333334,0.86
1,0.868421052631579,0.7857142857142857,0.825
accuracy,0.8444444444444444,0.8444444444444444,0.8444444444444444
